<?xml version="1.0" encoding="UTF-8"?>
<project-private xmlns="http://www.netbeans.org/ns/project-private/1">
    <editor-bookmarks xmlns="http://www.netbeans.org/ns/editor-bookmarks/1"/>
    <open-files xmlns="http://www.netbeans.org/ns/projectui-open-files/1">
        <file>file:/D:/My%20Dropbox/NetBeansProjects/WordCipherGame/src/edu/baker/cs/cs242/finalProject/WordCipherGame/CipherGame.java</file>
        <file>file:/D:/My%20Dropbox/NetBeansProjects/WordCipherGame/src/edu/baker/cs/cs242/finalProject/WordCipherGame/WordList.java</file>
        <file>file:/D:/My%20Dropbox/NetBeansProjects/WordCipherGame/src/edu/baker/cs/cs242/finalProject/WordCipherGame/WordCipherGameApp.java</file>
        <file>file:/D:/My%20Dropbox/NetBeansProjects/WordCipherGame/src/edu/baker/cs/cs242/finalProject/WordCipherGame/resources/WordCipherGameApp.properties</file>
        <file>file:/D:/My%20Dropbox/NetBeansProjects/WordCipherGame/src/edu/baker/cs/cs242/finalProject/WordCipherGame/resources/WordCipherGameAboutBox.properties</file>
    </open-files>
</project-private>
